product_id,detail_url,title,category,sofa_category,competitor,totale breedte (a),binnenbreedte (b),totale hoogte (c),framehoogte (d),totale diepte (e),zithoogte (f),zitdiepte (g),lengte van de poten (l),matraslengte (m),matrasbreedte (n),totale diepte bed uitgeklapt (z),bekleding,garantie op het frame,zitkussens,rugkussens,original_price,price,totale lengte (h),internal length (i),interne lengte (i),footboard height (k)
SB-OTO,https://www.sofa.com/nl/banken/slaapbanken/otto-slaapbanken/p/SB-OTO,Otto Slaapbanken,sofa_beds,Slaapbanken,sofa,168cm,146cm,94cm,61cm,102cm,56cm,70cm,4cm,183cm,114cm,230cm,Afneembaar,Levenslang,Schuimrubber Met Eendenveren,Veren En Quallofil Kunstvezels,2.568,1.541,,,,
SB-ISA,https://www.sofa.com/nl/banken/slaapbanken/isaac-slaapbanken/p/SB-ISA,Isaac Slaapbanken,sofa_beds,Slaapbanken,sofa,175cm,132cm,92cm,76cm,95cm,47cm,62cm,,185cm,134cm,220cm,Removable,Levenslang,Feather Wrapped Foam,100 % Feather,3.300,1.980,262cm,220cm,,
SB-STE,https://www.sofa.com/nl/banken/slaapbanken/stella-slaapbanken/p/SB-STE,Stella Slaapbanken,sofa_beds,Slaapbanken,sofa,178cm,138cm,92cm,64cm,100cm,57cm,65cm,4cm,183cm,114cm,230cm,"Losse Afneembare Hoes (Behalve Leer, Dat Is Vast)",Levenslang,Feather-Wrapped Foam,3 Tiered Feather And Fibre Combination,"2,268","1,361",,,,
SB-AIS,https://www.sofa.com/nl/banken/slaapbanken/aissa-slaapbanken/p/SB-AIS,Aissa Slaapbanken,sofa_beds,Slaapbanken,sofa,157cm,139cm,91cm,63cm,97cm,54cm,60cm,5cm,183cm,114cm,228cm,Vast,Levenslang,Schuimrubber Omhuld Door Eendenveren,Eendenveren En Synthetische Vezels,2.388,1.433,,,,
SB-DOU,https://www.sofa.com/nl/banken/slaapbanken/douglas-slaapbanken/p/SB-DOU,Douglas Slaapbanken,sofa_beds,Slaapbanken,sofa,212cm,190cm,87cm,65cm,90cm,40cm,50cm,20cm,,,106cm,Vast,Levenslang,,,"1,308",785,,,,
SB-ASF,https://www.sofa.com/nl/banken/slaapbanken/aspen-vaste-rugleuning-slaapbanken/p/SB-ASF,Aspen Vaste Rugleuning Slaapbanken,sofa_beds,Slaapbanken,sofa,196cm,136cm,99cm,78cm,110cm,47cm,63cm,4cm,183cm,114cm,237cm,Removable,Levenslang,Feather Wrapped Foam,100% Feather,2.568,1.541,,,,
SB-ASP,https://www.sofa.com/nl/banken/slaapbanken/aspen-met-losse-sierkussens-slaapbanken/p/SB-ASP,Aspen Met Losse Sierkussens Slaapbanken,sofa_beds,Slaapbanken,sofa,196cm,136cm,89cm,78cm,110cm,47cm,63cm,4cm,183cm,114cm,237cm,Removable,Levenslang,Feather Wrapped Foam,100% Feather,"2,568","1,541",,,,
SB-BLB,https://www.sofa.com/nl/banken/slaapbanken/bluebell-slaapbanken/p/SB-BLB,Bluebell Slaapbanken,sofa_beds,Slaapbanken,sofa,172cm,135cm,95cm,77cm,110cm,50cm,65cm,12cm,183cm,113cm,233cm,Vast met verwijderbare zit- en rugkussenbekledingen,Levenslang,Schuimkern Omhuld Met Veren,Veren En Quallofill,"2,196","1,318",,,,
FS-BLB-430,https://www.sofa.com/nl/banken/bluebell-banken/p/FS-BLB-430,Bluebell Banken,3_seat_sofas,3-zits banken,sofa,218cm,183cm,91cm,75cm,106cm,53cm,60cm,17cm,,,,Vast Met Afneembare Kussenhoezen,Levenslang,Eendenveren Met Schuimrubber,Eendenveren En Kunstvezels,2.112,1.795,,,,
FS-SNO-130,https://www.sofa.com/nl/banken/uit-elkaar-te-halen-voor-handig-ver-plaatsen-banken/snowdrop-banken/p/FS-SNO-130,Snowdrop Banken,3_seat_sofas,3-zits banken,sofa,218cm,183cm,88cm,77cm,106cm,53cm,66cm,16cm,,,,Fixed With Removable Cushion Covers,Levenslang,Feather-Wrapped Foam,,"1,668","1,418",,,,
FS-AIS-130,https://www.sofa.com/nl/banken/banken-bestsellers/aissa-banken/p/FS-AIS-130,Aissa Banken,3_seat_sofas,3-zits banken,sofa,198cm,180cm,91cm,63cm,97cm,54cm,60cm,5cm,,,,Vast,Levenslang,Schuimrubber Met Eendenveren,Veren En Kunstvezels,1.752,1.489,,,,
FS-OTO-130,https://www.sofa.com/nl/banken/afneembare-hoezen-banken/otto-banken/p/FS-OTO-130,Otto Banken,3_seat_sofas,3-zits banken,sofa,212cm,190cm,94cm,61cm,102cm,55cm,70cm,3cm,,,,Afneembaar,Levenslang,Schuimrubber Met Eendenveren,Feather And Quallofil Fibre,"1,968","1,673",,,,
FS-IZZ-130,https://www.sofa.com/nl/banken/banken-bestsellers/izzy-banken/p/FS-IZZ-130,Izzy Banken,3_seat_sofas,3-zits banken,sofa,200cm,180cm,87cm,53cm,97cm,51cm,60cm,14.5cm,,,,Vast,Levenslang,Schuimrubber Met Eendenveren,Veren En Kunstvezels,1.752,1.489,,,,
FS-ASP-130,https://www.sofa.com/nl/banken/afneembare-hoezen-banken/aspen-met-losse-sierkussens-banken/p/FS-ASP-130,Aspen Met Losse Sierkussens Banken,3_seat_sofas,3-zits banken,sofa,210cm,152cm,95cm,76cm,105cm,57cm,65cm,3cm,,,,Removable Covers,Levenslang,Feather Wrapped Foam,Feather And Quallofil,1.968,1.673,,,,
FS-ASF-130,https://www.sofa.com/nl/banken/afneembare-hoezen-banken/aspen-vaste-rugleuning-banken/p/FS-ASF-130,Aspen Vaste Rugleuning Banken,3_seat_sofas,3-zits banken,sofa,210cm,152cm,105cm,76cm,105cm,57cm,65cm,3cm,,,,Removable Covers,Levenslang,Feather Wrapped Foam,100% Feather,1.968,1.673,,,,
FS-IGG-130,https://www.sofa.com/nl/banken/banken-bestsellers/iggy-banken/p/FS-IGG-130,Iggy Banken,3_seat_sofas,3-zits banken,sofa,194cm,174cm,91cm,66cm,95cm,53cm,59cm,15cm,,,,Vast,Levenslang,Schuimrubber Omhuld Door Eendenveren,100% Veren,"1,752","1,489",,,,
FS-LIL-130,https://www.sofa.com/nl/banken/klassiek-banken/lily-banken/p/FS-LIL-130,Lily Banken,3_seat_sofas,3-zits banken,sofa,201cm,184cm,78cm,63cm,86cm,40cm,55cm,16cm,,,,Vast,Levenslang,,,948,806,,,,
FS-COS-130,https://www.sofa.com/nl/banken/jaren-vijftig-banken/costello-banken/p/FS-COS-130,Costello Banken,3_seat_sofas,3-zits banken,sofa,221cm,175cm,92cm,50cm,102cm,48cm,64cm,19cm,,,,Vast,Levenslang,Schium schuimrubber met synthetische vezels (Quallofil),Veren en Schuimrubber met synthetische vezels (Quallofil),"1,668","1,418",,,,
FS-FGL-130,https://www.sofa.com/nl/banken/op-poten-banken/fingal-banken/p/FS-FGL-130,Fingal Banken,3_seat_sofas,3-zits banken,sofa,211cm,182cm,76cm,54cm,80cm,55cm,56cm,22cm,,,,Vast,Levenslang,Witte Eendenveren Rondom Een Laag Eersteklas Schuimrubber,,1.188,1.010,,,,
FS-HOL-130,https://www.sofa.com/nl/banken/jaren-vijftig-banken/holly-banken/p/FS-HOL-130,Holly Banken,3_seat_sofas,3-zits banken,sofa,215cm,185cm,87cm,52cm,90cm,50cm,54cm,20cm,,,,Vast,Levenslang,Schuimrubber Met Eendenveren,Veren En Kunstvezels,"1,428","1,214",,,,
FS-ISA-130,https://www.sofa.com/nl/banken/afneembare-hoezen-banken/isaac-banken/p/FS-ISA-130,Isaac Banken,3_seat_sofas,3-zits banken,sofa,211cm,193cm,92cm,76cm,95cm,47cm,62cm,,,,,Afneembaar,Levenslang,Koudschuim Omhuld Door Eendenveren,100% Veren,"1,668","1,418",,,,
FS-DSC-130,https://www.sofa.com/nl/banken/uit-elkaar-te-halen-voor-handig-ver-plaatsen-banken/descartes-banken/p/FS-DSC-130,Descartes Banken,3_seat_sofas,3-zits banken,sofa,223cm,183cm,90cm,70cm,88cm,56cm,61cm,20cm,,,,,Levenslang,Schuimrubber Met Eendenveren,,1.968,1.673,,,,
FS-ISL-130,https://www.sofa.com/nl/banken/afneembare-hoezen-banken/isla-banken/p/FS-ISL-130,Isla Banken,3_seat_sofas,3-zits banken,sofa,215cm,178cm,92cm,62cm,104cm,55cm,63cm,16cm,,,,Removable,Levenslang,Schuimrubber En Kunstvezels,Eendenveren,"1,824","1,550",,,,
FS-CSP-130,https://www.sofa.com/nl/banken/klassiek-banken/costello-with-wooden-plinth-banken/p/FS-CSP-130,Costello With Wooden Plinth Banken,3_seat_sofas,3-zits banken,sofa,221cm,175cm,92cm,50cm,102cm,48cm,64cm,19cm,,,,Removable,Levenslang,100% Quallofil,Feather And Quallofil,"1,668","1,418",,,,
FS-DSP-130,https://www.sofa.com/nl/banken/op-poten-banken/descartes-plain-banken/p/FS-DSP-130,Descartes Plain Banken,3_seat_sofas,3-zits banken,sofa,223cm,183cm,90cm,70cm,88cm,56cm,61cm,20cm,,,,Vast,Levenslang,Feather Wrapped Foam,,"1,668","1,418",,,,
FS-EMR-130,https://www.sofa.com/nl/banken/rechte-armleuning-banken/emerson-banken/p/FS-EMR-130,Emerson Banken,3_seat_sofas,3-zits banken,sofa,203cm,185cm,94cm,57cm,91cm,48cm,57cm,16cm,,,,Vast,Levenslang,Foam And Feather,Feather,1.668,1.418,,,,
FS-HMP-130,https://www.sofa.com/nl/banken/klassiek-banken/humphrey-banken/p/FS-HMP-130,Humphrey Banken,3_seat_sofas,3-zits banken,sofa,246cm,180cm,80cm,61cm,103cm,56cm,74cm,19cm,,,,Vast,Levenslang,Feather Wrapped Quallofil,,"2,208","1,877",,,,
FS-OSC-130,https://www.sofa.com/nl/banken/op-poten-banken/oscar-banken/p/FS-OSC-130,Oscar Banken,3_seat_sofas,3-zits banken,sofa,229cm,165cm,87cm,67cm,101cm,58cm,64cm,20cm,,,,Vast,Levenslang,Witte Eendenveren Rondom Een Laag Eersteklas Schuimrubber,,"1,968","1,673",,,,
FS-SAT-130,https://www.sofa.com/nl/banken/uit-elkaar-te-halen-voor-handig-ver-plaatsen-banken/saturday-banken/p/FS-SAT-130,Saturday Banken,3_seat_sofas,3-zits banken,sofa,231cm,180cm,86cm,66cm,108cm,51cm,65cm,20cm,,,,Vast,Levenslang,Schuimrubber Met Eendenveren,,1.668,1.418,,,,
FS-ZEP-130,https://www.sofa.com/nl/banken/jaren-vijftig-banken/zeppelin-banken/p/FS-ZEP-130,Zeppelin Banken,3_seat_sofas,3-zits banken,sofa,210cm,155cm,75cm,55cm,94cm,43cm,55cm,20cm,,,,Vast,Levenslang,,,"1,188","1,010",,,,
FS-PTR-130,https://www.sofa.com/nl/banken/op-poten-banken/patrick-banken/p/FS-PTR-130,Patrick Banken,3_seat_sofas,3-zits banken,sofa,234cm,178cm,75cm,67cm,98cm,53cm,65cm,8cm,,,,Vast,Levenslang,Schuimrubber Omhuld Door Eendenveren,,1.968,1.673,,,,
FS-STE-130,https://www.sofa.com/nl/banken/afneembare-hoezen-banken/stella-banken/p/FS-STE-130,Stella Banken,3_seat_sofas,3-zits banken,sofa,213cm,173cm,91cm,64cm,100cm,57cm,69cm,3cm,,,,"Losse Afneembare Hoes (Behalve Leer, Dat Is Vast)",Levenslang,Feather-Wrapped Foam,3 Tiered Feather And Fibre Combination,1.668,1.418,,,,
FS-MAB-130,https://www.sofa.com/nl/banken/mabel-banken/p/FS-MAB-130,Mabel Banken,3_seat_sofas,3-zits banken,sofa,211cm,177cm,89cm,45cm,98cm,53cm,62cm,22cm,,,,Vast,Levenslang,Foam,Feather And Foam,1.824,1.550,,,,
FS-HRP-130,https://www.sofa.com/nl/banken/ronde-armleuning-banken/harper-banken/p/FS-HRP-130,Harper Banken,3_seat_sofas,3-zits banken,sofa,220cm,186cm,83cm,61cm,89cm,47cm,59cm,22cm,,,,Vast,Levenslang,,,1.380,1.173,,,,
FS-FRD-130,https://www.sofa.com/nl/banken/jaren-vijftig-banken/freddie-banken/p/FS-FRD-130,Freddie Banken,3_seat_sofas,3-zits banken,sofa,225cm,180cm,95cm,58cm,103cm,52cm,66cm,18cm,,,,Vast met verwijderbare rugkussenbekleding,Levenslang,Schuim en Quallofill-vezel,Quallofill-vezel,"1,668","1,418",,,,
FS-MIN-130,https://www.sofa.com/nl/banken/jaren-vijftig-banken/minnie-banken/p/FS-MIN-130,Minnie Banken,3_seat_sofas,3-zits banken,sofa,211cm,180cm,89cm,67cm,83cm,47cm,52cm,22cm,,,,Vast,Levenslang,,,"1,188","1,010",,,,
FS-JAS-130,https://www.sofa.com/nl/banken/jaren-vijftig-banken/jasper-banken/p/FS-JAS-130,Jasper Banken,3_seat_sofas,3-zits banken,sofa,220cm,172cm,89cm,69cm,100cm,45cm,65cm,20cm,,,,Vast,Levenslang,,100% veren strooi kussen,1.668,1.418,,,,
FS-HEN-130,https://www.sofa.com/nl/banken/jaren-vijftig-banken/hendrik-banken/p/FS-HEN-130,Hendrik Banken,3_seat_sofas,3-zits banken,sofa,194cm,180cm,92cm,77cm,97cm,50cm,58cm,26cm,,,,Afneembare zit- en rugkussens,Levenslang,Schuimrubber,100% Quallofil,"1,188","1,010",,,,
FS-WAL-130,https://www.sofa.com/nl/banken/walter-banken/p/FS-WAL-130,Walter Banken,3_seat_sofas,3-zits banken,sofa,212cm,180cm,103cm,86cm,97cm,52cm,57cm,20cm,,,,Vast,Levenslang,Schuim met veren omhuld,,1.428,1.214,,,,
AC-BLU,https://www.sofa.com/nl/fauteuils/klassiek-fauteuils/bluebell-fauteuil/p/AC-BLU,Bluebell Fauteuil,arm_chairs,Fauteuils,sofa,88cm,53cm,91cm,75cm,106cm,53cm,60cm,17cm,,,,Vast Met Afneembare Kussenhoezen,Levenslang,Eendenveren Met Schuimrubber,Eendenveren En Kunstvezels,1.068,641,,,,
AC-SNO,https://www.sofa.com/nl/fauteuils/klassiek-fauteuils/snowdrop-fauteuil/p/AC-SNO,Snowdrop Fauteuil,arm_chairs,Fauteuils,sofa,77cm,49cm,88cm,77cm,96cm,50cm,56cm,16cm,,,,Vast,Levenslang,Schuimrubber Omhuld Door Eendenveren,,"1,008",605,,,,
AC-AIS,https://www.sofa.com/nl/fauteuils/eigentijds-fauteuils-/aissa-fauteuil/p/AC-AIS,Aissa Fauteuil,arm_chairs,Fauteuils,sofa,71cm,53cm,91cm,63cm,97cm,54cm,60cm,5cm,,,,Vast,Levenslang,Schuimrubber Met Eendenveren,Veren En Kunstvezels,1.128,677,,,,
AC-IZZ,https://www.sofa.com/nl/fauteuils/eigentijds-fauteuils-/izzy-fauteuil/p/AC-IZZ,Izzy Fauteuil,arm_chairs,Fauteuils,sofa,73cm,53cm,87cm,53cm,97cm,51cm,60cm,14.5cm,,,,Vast,Levenslang,Schuimrubber Met Eendenveren,Veren En Kunstvezels,"1,128",677,,,,
AC-ALD,https://www.sofa.com/nl/andere-zaken/fauteuil/alderney-fauteuil/p/AC-ALD,Alderney Fauteuil,arm_chairs,Fauteuils,sofa,74cm,49cm,89cm,70cm,93cm,50cm,61cm,19cm,,,,Vast,Levenslang,Quallofil wrapped foam,,1.008,605,,,,
AC-BET,https://www.sofa.com/nl/andere-zaken/fauteuil/betty-fauteuil/p/AC-BET,Betty Fauteuil,arm_chairs,Fauteuils,sofa,65cm,58cm,77cm,57cm,74cm,45cm,52cm,20cm,,,,Vast,Levenslang,,,588,353,,,,
AC-FGL,https://www.sofa.com/nl/fauteuils/klassiek-fauteuils/fingal-fauteuil/p/AC-FGL,Fingal Fauteuil,arm_chairs,Fauteuils,sofa,79cm,50cm,76cm,54cm,80cm,55cm,56cm,22cm,,,,Vast,Levenslang,Witte Eendenveren Rondom Een Laag Eersteklas Schuimrubber,,936,562,,,,
AC-ISA,https://www.sofa.com/nl/fauteuils/eigentijds-fauteuils-/isaac-fauteuil/p/AC-ISA,Isaac Fauteuil,arm_chairs,Fauteuils,sofa,74cm,56cm,92cm,76cm,95cm,47cm,62cm,,,,,Afneembaar,Levenslang,Koudschuim Omhuld Door Eendenveren,100% Veren,"1,068",641,,,,
AC-CDE,https://www.sofa.com/nl/fauteuils/klassiek-fauteuils/claude-fauteuil/p/AC-CDE,Claude Fauteuil,arm_chairs,Fauteuils,sofa,75cm,75cm,86cm,65cm,91cm,43cm,55cm,23cm,,,,Vast,Levenslang,,,888,533,,,,
AC-HOL,https://www.sofa.com/nl/fauteuils/jaren-vijftig-fauteuils/holly-fauteuil/p/AC-HOL,Holly Fauteuil,arm_chairs,Fauteuils,sofa,96cm,65cm,87cm,52cm,90cm,50cm,54cm,20cm,,,,Vast,Levenslang,Schuimrubber Met Eendenveren,Veren En Kunstvezels,1.008,605,,,,
AC-COS,https://www.sofa.com/nl/fauteuils/eigentijds-fauteuils-/costello-fauteuil/p/AC-COS,Costello Fauteuil,arm_chairs,Fauteuils,sofa,112cm,66cm,92cm,50cm,102cm,48cm,64cm,19cm,,,,Vast,Levenslang,Eendenveren En Koudschuim,Eendenveren En Synthetische Vezels,1.068,641,,,,
AC-DSC,https://www.sofa.com/nl/fauteuils/klassiek-fauteuils/descartes-fauteuil/p/AC-DSC,Descartes Fauteuil,arm_chairs,Fauteuils,sofa,67cm,45cm,89cm,69cm,81cm,52cm,54cm,20cm,,,,Vast,Levenslang,Schuimrubber Met Eendenveren,,"1,368",821,,,,
AC-CHT,https://www.sofa.com/nl/andere-zaken/fauteuil/charlotte-fauteuil/p/AC-CHT,Charlotte Fauteuil,arm_chairs,Fauteuils,sofa,69cm,46cm,97cm,81cm,77cm,52cm,56cm,16cm,,,,Vast,Levenslang,Schuimrubber Met Synthetische Vezels (Quallofil),,"1,008",605,,,,
AC-ISL,https://www.sofa.com/nl/fauteuils/eigentijds-fauteuils-/isla-fauteuil/p/AC-ISL,Isla Fauteuil,arm_chairs,Fauteuils,sofa,84cm,51cm,92cm,62cm,104cm,55cm,63cm,16cm,,,,Vast,Levenslang,Schuimrubber Omhuld Door Eendenveren,100% Veren,1.140,684,,,,
AC-SAT,https://www.sofa.com/nl/fauteuils/klassiek-fauteuils/saturday-fauteuil/p/AC-SAT,Saturday Fauteuil,arm_chairs,Fauteuils,sofa,97cm,46cm,86cm,66cm,108cm,51cm,65cm,20cm,,,,Vast,Levenslang,Schuimrubber Met Eendenveren,,1.068,641,,,,
AC-PER,https://www.sofa.com/nl/andere-zaken/fauteuil/percy-fauteuil/p/AC-PER,Percy Fauteuil,arm_chairs,Fauteuils,sofa,70cm,48cm,81cm,61cm,87cm,46cm,58cm,20cm,,,,Vast,Levenslang,,,888,533,,,,
AC-PEG,https://www.sofa.com/nl/andere-zaken/fauteuil/peggy-fauteuil/p/AC-PEG,Peggy Fauteuil,arm_chairs,Fauteuils,sofa,69cm,39cm,75cm,57cm,78cm,39cm,52cm,18cm,,,,Vast,Levenslang,,,828,497,,,,
AC-PEN,https://www.sofa.com/nl/andere-zaken/fauteuil/penelope-fauteuil/p/AC-PEN,Penelope Fauteuil,arm_chairs,Fauteuils,sofa,72cm,43cm,89cm,72cm,89cm,42cm,53cm,19cm,,,,Vast,Levenslang,,,1.188,713,,,,
AC-ZEP,https://www.sofa.com/nl/fauteuils/jaren-vijftig-fauteuils/zeppelin-fauteuil/p/AC-ZEP,Zeppelin Fauteuil,arm_chairs,Fauteuils,sofa,99cm,44cm,75cm,55cm,94cm,43cm,55cm,20cm,,,,Vast,Levenslang,,,876,526,,,,
AC-STE,https://www.sofa.com/nl/fauteuils/eigentijds-fauteuils-/stella-fauteuil/p/AC-STE,Stella Fauteuil,arm_chairs,Fauteuils,sofa,109cm,69cm,91cm,64cm,100cm,57cm,69cm,3cm,,,,"Losse Afneembare Hoes (Behalve Leer, Dat Is Vast)",Levenslang,Feather-Wrapped Foam,3 Tiered Feather And Fibre Combination,1.068,641,,,,
AC-CSP,https://www.sofa.com/nl/fauteuils/eigentijds-fauteuils-/costello-met-houten-plint-fauteuil/p/AC-CSP,Costello Met Houten Plint Fauteuil,arm_chairs,Fauteuils,sofa,112cm,66cm,92cm,50cm,102cm,48cm,64cm,19cm,,,,Removable,Levenslang,100% Quallofil,Feather And Quallofil,1.008,605,,,,
AC-LIL,https://www.sofa.com/nl/fauteuils/klassiek-fauteuils/lily-fauteuil/p/AC-LIL,Lily Fauteuil,arm_chairs,Fauteuils,sofa,63cm,46cm,78cm,63cm,86cm,40cm,55cm,16cm,,,,Vast,Levenslang,,,588,353,,,,
AC-DSP,https://www.sofa.com/nl/fauteuils/klassiek-fauteuils/descartes-strak-fauteuil/p/AC-DSP,Descartes Strak Fauteuil,arm_chairs,Fauteuils,sofa,67cm,45cm,89cm,69cm,81cm,52cm,54cm,20cm,,,,Vast,Levenslang,Feather Wrapped Foam,,1.008,605,,,,
AC-EMR,https://www.sofa.com/nl/fauteuils/eigentijds-fauteuils-/emerson-fauteuil/p/AC-EMR,Emerson Fauteuil,arm_chairs,Fauteuils,sofa,78cm,60cm,94cm,57cm,91cm,48cm,57cm,16cm,,,,Vast met verwijderbare rugkussenbekledingen,Levenslang,Veren En Schuim,Veren,1.008,605,,,,
AC-MAB,https://www.sofa.com/nl/fauteuils/eigentijds-fauteuils-/mabel-fauteuil/p/AC-MAB,Mabel Fauteuil,arm_chairs,Fauteuils,sofa,93cm,59cm,89cm,45cm,98cm,53cm,62cm,22cm,,,,Vast,Levenslang,Foam,Feather And Foam,1.128,677,,,,
AC-BRT,https://www.sofa.com/nl/fauteuils/ronde-armleuning-fauteuils/bertie-fauteuil/p/AC-BRT,Bertie Fauteuil,arm_chairs,Fauteuils,sofa,93cm,52cm,86cm,67cm,85cm,45cm,58cm,19cm,,,,Vast,Levenslang,,,948,569,,,,
AC-FRD,https://www.sofa.com/nl/fauteuils/eigentijds-fauteuils-/freddie-fauteuil/p/AC-FRD,Freddie Fauteuil,arm_chairs,Fauteuils,sofa,105cm,60cm,95cm,58cm,103cm,52cm,66cm,18cm,,,,Vast met verwijderbare rugkussenbekleding,Levenslang,Schuim en Quallofill-vezel,Quallofill-vezel,"1,008",605,,,,
AC-MAG,https://www.sofa.com/nl/andere-zaken/fauteuil/maggie-fauteuil/p/AC-MAG,Maggie Fauteuil,arm_chairs,Fauteuils,sofa,57cm,29cm,79cm,57cm,72cm,43cm,50cm,22cm,,,,Vast,Levenslang,,,588,353,,,,
AC-PRK,https://www.sofa.com/nl/andere-zaken/fauteuil/parker-fauteuil/p/AC-PRK,Parker Fauteuil,arm_chairs,Fauteuils,sofa,75cm,51cm,82cm,65cm,83cm,49cm,54cm,20cm,,,,Vast,Levenslang,Schuimrubber,,828,497,,,,
AC-WAL,https://www.sofa.com/nl/fauteuils/eigentijds-fauteuils-/walter-fauteuil/p/AC-WAL,Walter Fauteuil,arm_chairs,Fauteuils,sofa,92cm,60cm,103cm,86cm,97cm,52cm,57cm,20cm,,,,Vast,Levenslang,Schuim met veren omhuld,,"1,008",605,,,,
AC-MIN,https://www.sofa.com/nl/fauteuils/eigentijds-fauteuils-/minnie-fauteuil/p/AC-MIN,Minnie Fauteuil,arm_chairs,Fauteuils,sofa,75cm,44cm,89cm,67cm,83cm,47cm,52cm,22cm,,,,Vast,Levenslang,,,876,526,,,,
AC-LOS,https://www.sofa.com/nl/andere-zaken/fauteuil/louis-fauteuil/p/AC-LOS,Louis Fauteuil,arm_chairs,Fauteuils,sofa,87cm,57cm,117cm,105cm,90cm,45cm,58cm,20cm,,,,Vast,Levenslang,Schuimrubber,,"1,248",749,,,,
AC-HRP,https://www.sofa.com/nl/fauteuils/eigentijds-fauteuils-/harper-fauteuil/p/AC-HRP,Harper Fauteuil,arm_chairs,Fauteuils,sofa,86cm,52cm,77cm,55cm,77cm,41cm,55cm,22cm,,,,Vast,Levenslang,,,960,576,,,,
AC-JTN,https://www.sofa.com/nl/fauteuils/eigentijds-fauteuils-/jetson-fauteuil/p/AC-JTN,Jetson Fauteuil,arm_chairs,Fauteuils,sofa,79cm,44cm,89cm,54cm,69cm,52cm,50cm,35cm,,,,Vast,Levenslang,,,588,353,,,,
AC-HEN,https://www.sofa.com/nl/fauteuils/eigentijds-fauteuils-/hendrik-fauteuil/p/AC-HEN,Hendrik Fauteuil,arm_chairs,Fauteuils,sofa,74cm,60cm,92cm,77cm,97cm,50cm,58cm,26cm,,,,Afneembare zit- en rugkussens,Levenslang,Schuimrubber,100% Quallofil,876,526,,,,
AC-JAS,https://www.sofa.com/nl/fauteuils/eigentijds-fauteuils-/jasper-fauteuil/p/AC-JAS,Jasper Fauteuil,arm_chairs,Fauteuils,sofa,105cm,57cm,89cm,69cm,100cm,45cm,65cm,20cm,,,,Vast,Levenslang,,100% veren strooi kussen,"1,068",641,,,,
AC-DUK,https://www.sofa.com/nl/fauteuils/klassiek-fauteuils/duke-fauteuil/p/AC-DUK,Duke Fauteuil,arm_chairs,Fauteuils,sofa,85cm,57cm,106cm,90cm,96cm,51cm,55cm,19cm,,,,Vast Met Afneembare Kussenhoezen,Levenslang,Schuimrubber,,1.128,677,,,,
AC-IGG,https://www.sofa.com/nl/fauteuils/iggy-fauteuil/p/AC-IGG,Iggy Fauteuil,arm_chairs,Fauteuils,sofa,76cm,54cm,91cm,66cm,90cm,53cm,54cm,15cm,,,,Vast,Levenslang,Schuimrubber Omhuld Door Eendenveren,100% Veren,"1,128",677,,,,
CS-BLU,https://www.sofa.com/nl/banken/modulaire-hoekbanken/bluebell-hoekbanken/p/CS-BLU,Bluebell Hoekbanken,corner_sofa,Hoekbanken,sofa,242cm,226cm,91cm,75cm,242cm,53cm,60cm,17cm,,,,Vast,Levenslang,Koudschuim Omhuld Door Eendenveren,Eendenveren En Synthetische Vezels,4.596,2.758,240cm,226cm,224cm,
CS-AIS,https://www.sofa.com/nl/banken/modulaire-hoekbanken/aissa-hoekbanken/p/CS-AIS,Aissa Hoekbanken,corner_sofa,Hoekbanken,sofa,248cm,202cm,91cm,63cm,97cm,54cm,60cm,5cm,,,,Vast,Levenslang,Schuimrubber Met Eendenveren,Veren En Kunstvezels,"4,056","2,434",247cm,202cm,229cm,
CS-IZZ,https://www.sofa.com/nl/banken/modulaire-hoekbanken/izzy-hoekbanken/p/CS-IZZ,Izzy Hoekbanken,corner_sofa,Hoekbanken,sofa,249cm,202cm,87cm,53cm,97cm,51cm,60cm,14.5cm,,,,Vast,Levenslang,Schuimrubber Met Eendenveren,Veren En Kunstvezels,4.056,2.434,247cm,202cm,229cm,
CS-ISL,https://www.sofa.com/nl/banken/modulaire-hoekbanken/isla-hoekbanken/p/CS-ISL,Isla Hoekbanken,corner_sofa,Hoekbanken,sofa,218cm,161cm,95cm,62cm,101cm,57cm,62cm,16.5cm,,,,,Levenslang,Quallofil,Feather And Quallofil,"3,336","2,002",218cm,161cm,,
CS-HOL,https://www.sofa.com/nl/banken/modulaire-hoekbanken/holly-hoekbanken/p/CS-HOL,Holly Hoekbanken,corner_sofa,Hoekbanken,sofa,203cm,173cm,87cm,52cm,90cm,50cm,54cm,20cm,,,,Vast,Levenslang,Schuimrubber Omhuld Door Eendenveren,100% Veren,2.940,1.764,203cm,173cm,173cm,
CS-LON,https://www.sofa.com/nl/banken/rechte-armleuning-banken/long-island-banken/p/CS-LON,Long Island Banken,corner_sofa,Hoekbanken,sofa,349cm,309cm,93cm,59cm,122cm,52cm,80cm,3cm,,,,Losse Afneembare Hoes,Levenslang,Losse Afneembare Hoes,100% Eendenveren,912,547,245cm,203cm,,
CS-OSC,https://www.sofa.com/nl/banken/modulaire-hoekbanken/oscar-hoekbanken/p/CS-OSC,Oscar Hoekbanken,corner_sofa,Hoekbanken,sofa,218cm,149cm,87cm,67cm,101cm,58cm,64cm,20cm,,,,Vast,Levenslang,Witte Eendenveren Rondom Een Laag Eersteklas Schuimrubber,,,3.078,211cm,149cm,134cm,
CS-STE,https://www.sofa.com/nl/banken/modulaire-hoekbanken/stella-hoekbanken/p/CS-STE,Stella Hoekbanken,corner_sofa,Hoekbanken,sofa,258cm,207cm,91cm,64cm,100cm,57cm,69cm,3cm,,,,"Losse Afneembare Hoes (Behalve Leer, Dat Is Vast)",Levenslang,Feather-Wrapped Foam,3 Tiered Feather And Fibre Combination,4.440,2.664,258cm,207cm,,
CS-ISA,https://www.sofa.com/nl/banken/modulaire-hoekbanken/isaac-hoekbanken/p/CS-ISA,Isaac Hoekbanken,corner_sofa,Hoekbanken,sofa,261cm,218cm,92cm,76cm,95cm,47cm,62cm,,,,,Removable,Levenslang,Feather Wrapped Foam,100 % Feather,"2,964","1,778",261cm,218cm,,
CS-COS,https://www.sofa.com/nl/banken/modulaire-hoekbanken/costello-hoekbanken/p/CS-COS,Costello Hoekbanken,corner_sofa,Hoekbanken,sofa,258cm,205cm,92cm,50cm,102cm,48cm,65cm,19cm,,,,Vast,Levenslang,Foam And Quallofil Wrap,Feather And Quallofil,"4,500","2,700",258cm,205cm,,
CS-CSP,https://www.sofa.com/nl/banken/modulaire-hoekbanken/costello-with-wooden-plinth-hoekbanken/p/CS-CSP,Costello With Wooden Plinth Hoekbanken,corner_sofa,Hoekbanken,sofa,258cm,205cm,92cm,50cm,102cm,48cm,65cm,19cm,,,,Vast,Levenslang,Foam And Quallofil Wrap,Feather And Quallofil,4.500,2.700,258cm,205cm,,
CS-JAS,https://www.sofa.com/nl/banken/modulaire-hoekbanken/jasper-hoekbanken/p/CS-JAS,Jasper Hoekbanken,corner_sofa,Hoekbanken,sofa,250cm,190cm,89cm,69cm,100cm,45cm,65cm,20cm,,,,Vast,Levenslang,,100% veren strooi kussen,"4,740","2,844",250cm,190cm,,
CS-IGG,https://www.sofa.com/nl/banken/hoekbanken/iggy-hoekbanken/p/CS-IGG,Iggy Hoekbanken,corner_sofa,Hoekbanken,sofa,221cm,175cm,91cm,66cm,95cm,53cm,59cm,15cm,,,,Vast met verwijderbare zit- en rugkussenbekledingen,Levenslang,Schuimkern omhuld met veren,100% Veren,"3,780","2,268",221cm,175cm,,
CS-OTO,https://www.sofa.com/nl/banken/modulaire-hoekbanken/otto-hoekbanken/p/CS-OTO,Otto Hoekbanken,corner_sofa,Hoekbanken,sofa,257cm,216cm,94cm,61cm,102cm,55cm,70cm,3cm,,,,Losse,Levenslang,Quallofil Schuimrubber Omhuld Door Eendenveren,Feather Wrapped Qualofil,"4,896","2,938",257cm,216cm,,
FS-BLB-120,https://www.sofa.com/nl/banken/bluebell-banken/p/FS-BLB-120,Bluebell Banken,2_seat_sofas,2-zits banken,sofa,164cm,129cm,91cm,75cm,106cm,53cm,60cm,17cm,,,,Vast Met Afneembare Kussenhoezen,Levenslang,Eendenveren Met Schuimrubber,Eendenveren En Kunstvezels,"1,500","1,275",,,,
FS-SNO-420,https://www.sofa.com/nl/banken/uit-elkaar-te-halen-voor-handig-ver-plaatsen-banken/snowdrop-banken/p/FS-SNO-420,Snowdrop Banken,2_seat_sofas,2-zits banken,sofa,164cm,129cm,88cm,77cm,106cm,53cm,66cm,16cm,,,,Fixed With Removable Cushion Covers,Levenslang,Feather-Wrapped Foam,,1.788,1.520,,,,
FS-AIS-120,https://www.sofa.com/nl/banken/banken-bestsellers/aissa-banken/p/FS-AIS-120,Aissa Banken,2_seat_sofas,2-zits banken,sofa,160cm,142cm,91cm,63cm,97cm,54cm,60cm,5cm,,,,Vast,Levenslang,Schuimrubber Met Eendenveren,Veren En Kunstvezels,"1,500","1,275",,,,
FS-OTO-120,https://www.sofa.com/nl/banken/afneembare-hoezen-banken/otto-banken/p/FS-OTO-120,Otto Banken,2_seat_sofas,2-zits banken,sofa,168cm,146cm,94cm,61cm,102cm,55cm,70cm,3cm,,,,Afneembaar,Levenslang,Schuimrubber Met Eendenveren,Feather And Quallofil Fibre,"1,668","1,418",,,,
FS-IZZ-120,https://www.sofa.com/nl/banken/banken-bestsellers/izzy-banken/p/FS-IZZ-120,Izzy Banken,2_seat_sofas,2-zits banken,sofa,162cm,142cm,87cm,53cm,97cm,51cm,60cm,14.5cm,,,,Vast,Levenslang,Schuimrubber Met Eendenveren,Veren En Kunstvezels,1.500,1.275,,,,
FS-ASF-120,https://www.sofa.com/nl/banken/afneembare-hoezen-banken/aspen-vaste-rugleuning-banken/p/FS-ASF-120,Aspen Vaste Rugleuning Banken,2_seat_sofas,2-zits banken,sofa,185cm,127cm,105cm,76cm,105cm,57cm,65cm,3cm,,,,Removable,Levenslang,Feather Wrapped Foam,100% Feather,1.668,1.418,,,,
FS-ASP-120,https://www.sofa.com/nl/banken/afneembare-hoezen-banken/aspen-met-losse-sierkussens-banken/p/FS-ASP-120,Aspen Met Losse Sierkussens Banken,2_seat_sofas,2-zits banken,sofa,185cm,127cm,95cm,76cm,105cm,57cm,65cm,3cm,,,,Removable,Levenslang,Feather Wrapped Foam,100% Feather,"1,668","1,418",,,,
FS-ALD-120,https://www.sofa.com/nl/banken/op-poten-banken/alderney-banken/p/FS-ALD-120,Alderney Banken,2_seat_sofas,2-zits banken,sofa,151cm,127cm,89cm,70cm,93cm,50cm,61cm,19cm,,,,Vast,Levenslang,Quallofil wrapped foam,Foam,"1,188","1,010",,,,
FS-IGG-120,https://www.sofa.com/nl/banken/banken-bestsellers/iggy-banken/p/FS-IGG-120,Iggy Banken,2_seat_sofas,2-zits banken,sofa,136cm,116cm,91cm,66cm,95cm,53cm,59cm,15cm,,,,Vast,Levenslang,Schuimrubber Omhuld Door Eendenveren,100% Veren,1.500,1.275,,,,
FS-LIL-120,https://www.sofa.com/nl/banken/klassiek-banken/lily-banken/p/FS-LIL-120,Lily Banken,2_seat_sofas,2-zits banken,sofa,147cm,130cm,78cm,63cm,86cm,40cm,55cm,16cm,,,,Vast,Levenslang,,,768,653,,,,
FS-COS-120,https://www.sofa.com/nl/banken/jaren-vijftig-banken/costello-banken/p/FS-COS-120,Costello Banken,2_seat_sofas,2-zits banken,sofa,183cm,137cm,92cm,50cm,102cm,48cm,64cm,19cm,,,,Vast,Levenslang,Schium schuimrubber met synthetische vezels (Quallofil),Veren en Schuimrubber met synthetische vezels (Quallofil),1.428,1.214,,,,
FS-DSC-120,https://www.sofa.com/nl/banken/uit-elkaar-te-halen-voor-handig-ver-plaatsen-banken/descartes-banken/p/FS-DSC-120,Descartes Banken,2_seat_sofas,2-zits banken,sofa,163cm,123cm,90cm,70cm,88cm,56cm,61cm,20cm,,,,Vast,Levenslang,Schuimrubber Met Eendenveren,,1.668,1.418,,,,
FS-FGL-120,https://www.sofa.com/nl/banken/op-poten-banken/fingal-banken/p/FS-FGL-120,Fingal Banken,2_seat_sofas,2-zits banken,sofa,161cm,132cm,76cm,54cm,80cm,55cm,56cm,22cm,,,,Vast,Levenslang,Witte Eendenveren Rondom Een Laag Eersteklas Schuimrubber,,996,847,,,,
FS-ISA-120,https://www.sofa.com/nl/banken/afneembare-hoezen-banken/isaac-banken/p/FS-ISA-120,Isaac Banken,2_seat_sofas,2-zits banken,sofa,175cm,157cm,92cm,76cm,95cm,47cm,62cm,,,,,Afneembaar,Levenslang,Koudschuim Omhuld Door Eendenveren,100% Veren,"1,428","1,214",,,,
FS-ISL-120,https://www.sofa.com/nl/banken/afneembare-hoezen-banken/isla-banken/p/FS-ISL-120,Isla Banken,2_seat_sofas,2-zits banken,sofa,180cm,143cm,92cm,62cm,104cm,55cm,63cm,16cm,,,0cm,Removable,Levenslang,Schuimrubber En Kunstvezels,Eendenveren,"1,572","1,336",,,,
FS-CSP-120,https://www.sofa.com/nl/banken/klassiek-banken/costello-with-wooden-plinth-banken/p/FS-CSP-120,Costello With Wooden Plinth Banken,2_seat_sofas,2-zits banken,sofa,183cm,137cm,92cm,50cm,102cm,48cm,64cm,19cm,,,,Removable,Levenslang,100% Quallofil,Feather And Quallofil,"1,428","1,214",,,,
FS-DSP-120,https://www.sofa.com/nl/banken/op-poten-banken/descartes-plain-banken/p/FS-DSP-120,Descartes Plain Banken,2_seat_sofas,2-zits banken,sofa,163cm,123cm,90cm,70cm,88cm,56cm,61cm,20cm,,,,Vast,Levenslang,Feather Wrapped Foam,,1.428,1.214,,,,
FS-HOL-120,https://www.sofa.com/nl/banken/jaren-vijftig-banken/holly-banken/p/FS-HOL-120,Holly Banken,2_seat_sofas,2-zits banken,sofa,155cm,125cm,87cm,52cm,90cm,50cm,54cm,20cm,,,,Vast,Levenslang,Schuimrubber Met Eendenveren,Veren En Kunstvezels,"1,188","1,010",,,,
FS-HMP-120,https://www.sofa.com/nl/banken/klassiek-banken/humphrey-banken/p/FS-HMP-120,Humphrey Banken,2_seat_sofas,2-zits banken,sofa,201cm,135cm,80cm,61cm,103cm,56cm,74cm,19cm,,,,Vast,Levenslang,Feather Wrapped Quallofil,,"1,908","1,622",,,,
FS-EMR-120,https://www.sofa.com/nl/banken/rechte-armleuning-banken/emerson-banken/p/FS-EMR-120,Emerson Banken,2_seat_sofas,2-zits banken,sofa,149cm,131cm,94cm,57cm,91cm,48cm,57cm,16cm,,,,Vast,Levenslang,Foam And Feather,Feather,"1,428","1,214",,,,
FS-OSC-120,https://www.sofa.com/nl/banken/op-poten-banken/oscar-banken/p/FS-OSC-120,Oscar Banken,2_seat_sofas,2-zits banken,sofa,189cm,125cm,87cm,67cm,101cm,58cm,64cm,20cm,,,,Vast,Levenslang,Witte Eendenveren Rondom Een Laag Eersteklas Schuimrubber,,"1,668","1,418",,,,
FS-PTR-120,https://www.sofa.com/nl/banken/op-poten-banken/patrick-banken/p/FS-PTR-120,Patrick Banken,2_seat_sofas,2-zits banken,sofa,174cm,118cm,75cm,67cm,98cm,53cm,65cm,8cm,,,,Vast,Levenslang,Schuimrubber Omhuld Door Eendenveren,,1.668,1.418,,,,
FS-STE-120,https://www.sofa.com/nl/banken/afneembare-hoezen-banken/stella-banken/p/FS-STE-120,Stella Banken,2_seat_sofas,2-zits banken,sofa,178cm,138cm,91cm,64cm,100cm,57cm,69cm,3cm,,,,"Losse Afneembare Hoes (Behalve Leer, Dat Is Vast)",Levenslang,Feather-Wrapped Foam,3 Tiered Feather And Fibre Combination,1.428,1.214,,,,
FS-ZEP-120,https://www.sofa.com/nl/banken/jaren-vijftig-banken/zeppelin-banken/p/FS-ZEP-120,Zeppelin Banken,2_seat_sofas,2-zits banken,sofa,158cm,103cm,75cm,55cm,94cm,43cm,55cm,20cm,,,,Vast,Levenslang,,,996,847,,,,
FS-SAT-420,https://www.sofa.com/nl/banken/uit-elkaar-te-halen-voor-handig-ver-plaatsen-banken/saturday-banken/p/FS-SAT-420,Saturday Banken,2_seat_sofas,2-zits banken,sofa,182cm,131cm,86cm,66cm,108cm,51cm,65cm,20cm,,,,Vast,Levenslang,Schuimrubber Met Eendenveren,,1.788,1.520,,,,
FS-MAB-120,https://www.sofa.com/nl/banken/mabel-banken/p/FS-MAB-120,Mabel Banken,2_seat_sofas,2-zits banken,sofa,151cm,117cm,89cm,45cm,98cm,53cm,62cm,22cm,,,,Vast,Levenslang,Foam,Feather And Foam,1.572,1.336,,,,
FS-HRP-120,https://www.sofa.com/nl/banken/ronde-armleuning-banken/harper-banken/p/FS-HRP-120,Harper Banken,2_seat_sofas,2-zits banken,sofa,148cm,114cm,83cm,61cm,89cm,47cm,59cm,22cm,,,,Vast,Levenslang,,,1.140,969,,,,
FS-FRD-120,https://www.sofa.com/nl/banken/jaren-vijftig-banken/freddie-banken/p/FS-FRD-120,Freddie Banken,2_seat_sofas,2-zits banken,sofa,165cm,120cm,95cm,58cm,103cm,52cm,66cm,18cm,,,,Vast met verwijderbare rugkussenbekleding,Levenslang,Schuim en Quallofill-vezel,Quallofill-vezel,"1,428","1,214",,,,
FS-MIN-120,https://www.sofa.com/nl/banken/jaren-vijftig-banken/minnie-banken/p/FS-MIN-120,Minnie Banken,2_seat_sofas,2-zits banken,sofa,151cm,120cm,89cm,67cm,83cm,47cm,52cm,22cm,,,,Vast,Levenslang,,,996,847,,,,
FS-JAS-120,https://www.sofa.com/nl/banken/jaren-vijftig-banken/jasper-banken/p/FS-JAS-120,Jasper Banken,2_seat_sofas,2-zits banken,sofa,163cm,115cm,89cm,69cm,100cm,45cm,65cm,20cm,,,,Vast,Levenslang,,100% veren strooi kussen,1.428,1.214,,,,
FS-HEN-120,https://www.sofa.com/nl/banken/jaren-vijftig-banken/hendrik-banken/p/FS-HEN-120,Hendrik Banken,2_seat_sofas,2-zits banken,sofa,134cm,120cm,92cm,77cm,97cm,50cm,58cm,26cm,,,,Afneembare zit- en rugkussens,Levenslang,Schuimrubber,100% Quallofil,996,847,,,,
FS-WAL-120,https://www.sofa.com/nl/banken/walter-banken/p/FS-WAL-120,Walter Banken,2_seat_sofas,2-zits banken,sofa,152cm,120cm,103cm,86cm,97cm,52cm,57cm,20cm,,,,Vast,Levenslang,Schuim met veren omhuld,,1.188,1.010,,,,
FS-BLB-121,https://www.sofa.com/nl/banken/bluebell-banken/p/FS-BLB-121,Bluebell Banken,2_seat_sofas,2 en half zits banken,sofa,192cm,157cm,91cm,75cm,106cm,53cm,60cm,17cm,,,,Vast Met Afneembare Kussenhoezen,Levenslang,Eendenveren Met Schuimrubber,Eendenveren En Kunstvezels,1.692,1.438,,,,
FS-AIS-121,https://www.sofa.com/nl/banken/banken-bestsellers/aissa-banken/p/FS-AIS-121,Aissa Banken,2_seat_sofas,2 en half zits banken,sofa,179cm,161cm,91cm,63cm,97cm,54cm,60cm,5cm,,,,Vast,Levenslang,Schuimrubber Met Eendenveren,Veren En Kunstvezels,1.692,1.438,,,,
FS-IGG-121,https://www.sofa.com/nl/banken/banken-bestsellers/iggy-banken/p/FS-IGG-121,Iggy Banken,2_seat_sofas,2 en half zits banken,sofa,164cm,144cm,91cm,66cm,95cm,53cm,59cm,15cm,,,,Vast,Levenslang,Schuimrubber Omhuld Door Eendenveren,100% Veren,1.692,1.438,,,,
FS-DSC-121,https://www.sofa.com/nl/banken/uit-elkaar-te-halen-voor-handig-ver-plaatsen-banken/descartes-banken/p/FS-DSC-121,Descartes Banken,2_seat_sofas,2 en half zits banken,sofa,195cm,155cm,90cm,70cm,88cm,56cm,61cm,20cm,,,,Vast,Levenslang,Schuimrubber Met Eendenveren,,1.848,1.571,,,,
FS-ISA-121,https://www.sofa.com/nl/banken/afneembare-hoezen-banken/isaac-banken/p/FS-ISA-121,Isaac Banken,2_seat_sofas,2 en half zits banken,sofa,193cm,175cm,92cm,76cm,95cm,47cm,62cm,,,,,Afneembaar,Levenslang,Koudschuim Omhuld Door Eendenveren,100% Veren,"1,608","1,367",,,,
FS-IZZ-121,https://www.sofa.com/nl/banken/banken-bestsellers/izzy-banken/p/FS-IZZ-121,Izzy Banken,2_seat_sofas,2 en half zits banken,sofa,181cm,161cm,87cm,53cm,97cm,51cm,60cm,14.5cm,,,,Vast,Levenslang,Schuimrubber Met Eendenveren,Veren En Kunstvezels,"1,692","1,438",,,,
FS-CSP-121,https://www.sofa.com/nl/banken/klassiek-banken/costello-with-wooden-plinth-banken/p/FS-CSP-121,Costello With Wooden Plinth Banken,2_seat_sofas,2 en half zits banken,sofa,202cm,156cm,92cm,50cm,102cm,48cm,64cm,19cm,,,,Removable,Levenslang,100% Quallofil,Feather And Quallofil,1.608,1.367,,,,
FS-DSP-121,https://www.sofa.com/nl/banken/op-poten-banken/descartes-plain-banken/p/FS-DSP-121,Descartes Plain Banken,2_seat_sofas,2 en half zits banken,sofa,195cm,155cm,90cm,70cm,88cm,56cm,61cm,20cm,,,,Vast,Levenslang,Feather Wrapped Foam,,1.608,1.367,,,,
FS-HOL-121,https://www.sofa.com/nl/banken/jaren-vijftig-banken/holly-banken/p/FS-HOL-121,Holly Banken,2_seat_sofas,2 en half zits banken,sofa,185cm,155cm,87cm,52cm,90cm,50cm,54cm,20cm,,,,Vast,Levenslang,Schuimrubber Met Eendenveren,Veren En Kunstvezels,"1,308","1,112",,,,
FS-FGL-121,https://www.sofa.com/nl/banken/op-poten-banken/fingal-banken/p/FS-FGL-121,Fingal Banken,2_seat_sofas,2 en half zits banken,sofa,191cm,162cm,76cm,54cm,80cm,55cm,56cm,22cm,,,,Vast,Levenslang,Witte Eendenveren Rondom Een Laag Eersteklas Schuimrubber,,1.128,959,,,,
FS-COS-121,https://www.sofa.com/nl/banken/jaren-vijftig-banken/costello-banken/p/FS-COS-121,Costello Banken,2_seat_sofas,2 en half zits banken,sofa,202cm,156cm,92cm,50cm,102cm,48cm,64cm,19cm,,,,Vast,Levenslang,Schium schuimrubber met synthetische vezels (Quallofil),Veren en Schuimrubber met synthetische vezels (Quallofil),1.608,1.367,,,,
FS-ISL-121,https://www.sofa.com/nl/banken/afneembare-hoezen-banken/isla-banken/p/FS-ISL-121,Isla Banken,2_seat_sofas,2 en half zits banken,sofa,197cm,160cm,92cm,62cm,104cm,55cm,63cm,16cm,,,,Removable,Levenslang,Schuimrubber En Kunstvezels,Eendenveren,"1,764","1,499",,,,
FS-HMP-121,https://www.sofa.com/nl/banken/klassiek-banken/humphrey-banken/p/FS-HMP-121,Humphrey Banken,2_seat_sofas,2 en half zits banken,sofa,221cm,155cm,80cm,61cm,103cm,56cm,74cm,19cm,,,,Vast,Levenslang,Feather Wrapped Quallofil,,2.088,1.775,,,,
FS-OSC-121,https://www.sofa.com/nl/banken/op-poten-banken/oscar-banken/p/FS-OSC-121,Oscar Banken,2_seat_sofas,2 en half zits banken,sofa,209cm,145cm,87cm,67cm,101cm,58cm,64cm,20cm,,,,Vast,Levenslang,Witte Eendenveren Rondom Een Laag Eersteklas Schuimrubber,,"1,848","1,571",,,,
FS-OTO-121,https://www.sofa.com/nl/banken/afneembare-hoezen-banken/otto-banken/p/FS-OTO-121,Otto Banken,2_seat_sofas,2 en half zits banken,sofa,188cm,166cm,94cm,61cm,102cm,55cm,70cm,3cm,,,,Afneembaar,Levenslang,Quallofil Schuimrubber Omhuld Door Eendenveren,Eendenveren Met Synthetische Vezels (Quallofil),1.848,1.571,,,,
FS-SNO-121,https://www.sofa.com/nl/banken/uit-elkaar-te-halen-voor-handig-ver-plaatsen-banken/snowdrop-banken/p/FS-SNO-121,Snowdrop Banken,2_seat_sofas,2 en half zits banken,sofa,192cm,157cm,88cm,77cm,106cm,53cm,66cm,16cm,,,,Fixed With Removable Cushion Covers,Levenslang,Feather Wrapped Foam,,1.608,1.367,,,,
FS-STE-121,https://www.sofa.com/nl/banken/afneembare-hoezen-banken/stella-banken/p/FS-STE-121,Stella Banken,2_seat_sofas,2 en half zits banken,sofa,197cm,157cm,91cm,64cm,100cm,57cm,69cm,3cm,,,,"Losse Afneembare Hoes (Behalve Leer, Dat Is Vast)",Levenslang,Feather-Wrapped Foam,3 Tiered Feather And Fibre Combination,"1,608","1,367",,,,
FS-ZEP-121,https://www.sofa.com/nl/banken/jaren-vijftig-banken/zeppelin-banken/p/FS-ZEP-121,Zeppelin Banken,2_seat_sofas,2 en half zits banken,sofa,184cm,129cm,75cm,55cm,94cm,43cm,55cm,20cm,,,,Vast,Levenslang,,,"1,128",959,,,,
FS-PTR-121,https://www.sofa.com/nl/banken/op-poten-banken/patrick-banken/p/FS-PTR-121,Patrick Banken,2_seat_sofas,2 en half zits banken,sofa,204cm,148cm,75cm,67cm,98cm,53cm,65cm,8cm,,,,Vast,Levenslang,Schuimrubber Omhuld Door Eendenveren,,"1,848","1,571",,,,
FS-SAT-121,https://www.sofa.com/nl/banken/uit-elkaar-te-halen-voor-handig-ver-plaatsen-banken/saturday-banken/p/FS-SAT-121,Saturday Banken,2_seat_sofas,2 en half zits banken,sofa,198cm,147cm,86cm,66cm,108cm,51cm,65cm,20cm,,,,Vast,Levenslang,Schuimrubber Met Eendenveren,,"1,608","1,367",,,,
FS-HEN-121,https://www.sofa.com/nl/banken/jaren-vijftig-banken/hendrik-banken/p/FS-HEN-121,Hendrik Banken,2_seat_sofas,2 en half zits banken,sofa,164cm,150cm,92cm,77cm,97cm,50cm,58cm,26cm,,,,Afneembare zit- en rugkussens,Levenslang,Schuimrubber,100% Quallofil,1.128,959,,,,
FS-JAS-121,https://www.sofa.com/nl/banken/jaren-vijftig-banken/jasper-banken/p/FS-JAS-121,Jasper Banken,2_seat_sofas,2 en half zits banken,sofa,191cm,143cm,89cm,69cm,100cm,45cm,65cm,20cm,,,,Vast,Levenslang,,100% veren strooi kussen,"1,608","1,367",,,,
FS-FRD-121,https://www.sofa.com/nl/banken/jaren-vijftig-banken/freddie-banken/p/FS-FRD-121,Freddie Banken,2_seat_sofas,2 en half zits banken,sofa,195cm,150cm,95cm,58cm,103cm,52cm,66cm,18cm,,,,Vast met verwijderbare rugkussenbekleding,Levenslang,Schuim en Quallofill-vezel,Quallofill-vezel,"1,608","1,367",,,,
FS-HRP-121,https://www.sofa.com/nl/banken/ronde-armleuning-banken/harper-banken/p/FS-HRP-121,Harper Banken,2_seat_sofas,2 en half zits banken,sofa,184cm,150cm,83cm,61cm,89cm,47cm,59cm,22cm,,,,Vast,Levenslang,,,1.260,1.071,,,,
FS-WAL-121,https://www.sofa.com/nl/banken/walter-banken/p/FS-WAL-121,Walter Banken,2_seat_sofas,2 en half zits banken,sofa,182cm,150cm,103cm,86cm,97cm,52cm,57cm,20cm,,,,Vast,Levenslang,Schuim met veren omhuld,,"1,308","1,112",,,,
FS-MIN-121,https://www.sofa.com/nl/banken/jaren-vijftig-banken/minnie-banken/p/FS-MIN-121,Minnie Banken,2_seat_sofas,2 en half zits banken,sofa,181cm,150cm,89cm,67cm,83cm,47cm,52cm,22cm,,,,Vast,Levenslang,,,1.128,959,,,,
BO-AVR-22E,https://www.sofa.com/nl/bedden/ottoman-frame/avery-ottoman-bed/p/BO-AVR-22E,Avery Ottoman Bed,beds,Tweepersoons bedden,sofa,147cm,,130cm,,,,,2cm,200cm,140cm,,,Levenslang,,,1.380,1.173,214cm,,,37cm
BL-HEN-22E,https://www.sofa.com/nl/bedden/hendrik-bed/p/BL-HEN-22E,Hendrik Bed,beds,Tweepersoons bedden,sofa,151cm,,103cm,,,,,26cm,200cm,140cm,,,Levenslang,,,"1,080",918,235cm,,,
BL-KNN-22E,https://www.sofa.com/nl/bedden/knightsbridge-zonder-voetbord-bed/p/BL-KNN-22E,Knightsbridge Zonder Voetbord Bed,beds,Tweepersoons bedden,sofa,159cm,,128cm,,,,,21cm,200cm,140cm,,,Levenslang,,,"1,380","1,173",235cm,,,41cm
BL-LCY-22E,https://www.sofa.com/nl/bedden/lucy-bed/p/BL-LCY-22E,Lucy Bed,beds,Tweepersoons bedden,sofa,155cm,,94cm,,,,,16cm,200cm,140cm,,,Levenslang,,,876,745,229cm,,,27cm
BL-RSA-22E,https://www.sofa.com/nl/bedden/rosalie-bed/p/BL-RSA-22E,Rosalie Bed,beds,Tweepersoons bedden,sofa,148cm,,130cm,,,,,21cm,200cm,140cm,,,Levenslang,,,"1,128",959,213cm,,,41cm
BL-THE-22E,https://www.sofa.com/nl/bedden/thea-bed/p/BL-THE-22E,Thea Bed,beds,Tweepersoons bedden,sofa,148cm,,130cm,,,,,21cm,200cm,140cm,,,Levenslang,,,"1,128",959,231cm,,,41cm
BL-HRL-22E,https://www.sofa.com/nl/bedden/harlow-bed/p/BL-HRL-22E,Harlow Bed,beds,Tweepersoons bedden,sofa,148cm,,130cm,,,,,21cm,200cm,140cm,,,Levenslang,,,936,796,212cm,,,41cm
BL-KNI-22E,https://www.sofa.com/nl/bedden/knightsbridge-met-voetbord-bed/p/BL-KNI-22E,Knightsbridge Met Voetbord Bed,beds,Tweepersoons bedden,sofa,159cm,,128cm,,,,,21cm,200cm,140cm,,,Levenslang,,,"1,752","1,489",252cm,,,66cm
BL-AUD-22E,https://www.sofa.com/nl/bedden/audrey-bed/p/BL-AUD-22E,Audrey Bed,beds,Tweepersoons bedden,sofa,174cm,,132cm,,,,,21cm,200cm,140cm,,,Levenslang,,,1.188,1.010,243cm,,,41cm
BL-AVY-22E,https://www.sofa.com/nl/bedden/avery-bed/p/BL-AVY-22E,Avery Bed,beds,Tweepersoons bedden,sofa,148cm,,150cm,,,,,21cm,200cm,140cm,,,Levenslang,,,"1,068",908,212cm,,,41cm
BO-HAR-22E,https://www.sofa.com/nl/bedden/ottoman-frame/harlow-ottoman-bed/p/BO-HAR-22E,Harlow Ottoman Bed,beds,Tweepersoons bedden,sofa,147cm,,150cm,,,,,2cm,200cm,140cm,,,Levenslang,,,"1,380","1,173",214cm,,,37cm
BO-ROS-22E,https://www.sofa.com/nl/bedden/ottoman-frame/rosalie-ottoman-bed/p/BO-ROS-22E,Rosalie Ottoman Bed,beds,Tweepersoons bedden,sofa,147cm,,150cm,,,,,2cm,200cm,140cm,,,Levenslang,,,1.632,1.387,215cm,,,37cm
BO-THE-22E,https://www.sofa.com/nl/bedden/ottoman-frame/thea-ottoman-bed/p/BO-THE-22E,Thea Ottoman Bed,beds,Tweepersoons bedden,sofa,147cm,,130cm,,,,,2cm,200cm,140cm,,,Levenslang,,,"1,500","1,275",233cm,,,37cm
BL-EMA-22E,https://www.sofa.com/nl/bedden/emilia-bed/p/BL-EMA-22E,Emilia Bed,beds,Tweepersoons bedden,sofa,150cm,,129cm,,,,,21cm,200cm,140cm,,,Levenslang,,,1.080,918,226cm,,,35cm
BL-CLE-22E,https://www.sofa.com/nl/bedden/cleo-bed/p/BL-CLE-22E,Cleo Bed,beds,Tweepersoons bedden,sofa,162cm,,130cm,,,,,2cm,200cm,140cm,,,Levenslang,,,1.188,1.010,213cm,,,35cm
BL-CTR-22E,https://www.sofa.com/nl/bedden/carter-bed/p/BL-CTR-22E,Carter Bed,beds,Tweepersoons bedden,sofa,149cm,,130cm,,,,,21cm,200cm,140cm,,,Levenslang,,,"1,128",959,212cm,,,41cm
BO-CTR-22E,https://www.sofa.com/nl/bedden/carter-ottoman-bed/p/BO-CTR-22E,Carter Ottoman Bed,beds,Tweepersoons bedden,sofa,148cm,,130cm,,,,,2cm,200cm,140cm,,,Levenslang,,,1.500,1.275,214cm,,,37cm
BO-AVR-23E,https://www.sofa.com/nl/bedden/ottoman-frame/avery-ottoman-bed/p/BO-AVR-23E,Avery Ottoman Bed,beds,King bedden,sofa,167cm,,130cm,,,,,2cm,200cm,160cm,,,Levenslang,,,"1,500","1,275",214cm,,,37cm
BL-HEN-23E,https://www.sofa.com/nl/bedden/hendrik-bed/p/BL-HEN-23E,Hendrik Bed,beds,King bedden,sofa,171cm,,103cm,,,,,26cm,200cm,160cm,,,Levenslang,,,1.236,1.051,235cm,,,
BL-KNN-23E,https://www.sofa.com/nl/bedden/knightsbridge-zonder-voetbord-bed/p/BL-KNN-23E,Knightsbridge Zonder Voetbord Bed,beds,King bedden,sofa,179cm,,128cm,,,,,21cm,200cm,160cm,,,Levenslang,,,1.440,1.224,245cm,,,41cm
BL-HRL-23E,https://www.sofa.com/nl/bedden/harlow-bed/p/BL-HRL-23E,Harlow Bed,beds,King bedden,sofa,168cm,,130cm,,,,,21cm,200cm,160cm,,,Levenslang,,,1.068,908,212cm,,,41cm
BL-ROS-23E,https://www.sofa.com/nl/bedden/rosalie-bed/p/BL-ROS-23E,Rosalie Bed,beds,King bedden,sofa,168cm,,150cm,,,,,21cm,200cm,160cm,,,Levenslang,,,"1,380","1,173",213cm,,,41cm
BL-THE-23E,https://www.sofa.com/nl/bedden/thea-bed/p/BL-THE-23E,Thea Bed,beds,King bedden,sofa,168cm,,130cm,,,,,21cm,200cm,160cm,,,Levenslang,,,1.248,1.061,231cm,,,41cm
BL-LCY-23E,https://www.sofa.com/nl/bedden/lucy-bed/p/BL-LCY-23E,Lucy Bed,beds,King bedden,sofa,175cm,,94cm,,,,,16cm,200cm,160cm,,,Levenslang,,,996,847,229cm,,,27cm
BL-KNI-23E,https://www.sofa.com/nl/bedden/knightsbridge-met-voetbord-bed/p/BL-KNI-23E,Knightsbridge Met Voetbord Bed,beds,King bedden,sofa,179cm,,128cm,,,,,21cm,200cm,160cm,,,Levenslang,,,"1,824","1,550",262cm,,,66cm
BL-AUD-23E,https://www.sofa.com/nl/bedden/audrey-bed/p/BL-AUD-23E,Audrey Bed,beds,King bedden,sofa,194cm,,132cm,,,,,21cm,200cm,160cm,,,Levenslang,,,1.320,1.122,243cm,,,41cm
BL-AVY-23E,https://www.sofa.com/nl/bedden/avery-bed/p/BL-AVY-23E,Avery Bed,beds,King bedden,sofa,168cm,,150cm,,,,,21cm,200cm,160cm,,,Levenslang,,,"1,188","1,010",212cm,,,41cm
BO-HAR-23E,https://www.sofa.com/nl/bedden/ottoman-frame/harlow-ottoman-bed/p/BO-HAR-23E,Harlow Ottoman Bed,beds,King bedden,sofa,167cm,,150cm,,,,,2cm,200cm,160cm,,,Levenslang,,,1.500,1.275,214cm,,,37cm
BO-ROS-23E,https://www.sofa.com/nl/bedden/ottoman-frame/rosalie-ottoman-bed/p/BO-ROS-23E,Rosalie Ottoman Bed,beds,King bedden,sofa,168cm,,150cm,,,,,2cm,200cm,160cm,,,Levenslang,,,1.752,1.489,215cm,,,37cm
BO-THE-23E,https://www.sofa.com/nl/bedden/ottoman-frame/thea-ottoman-bed/p/BO-THE-23E,Thea Ottoman Bed,beds,King bedden,sofa,167cm,,130cm,,,,,2cm,200cm,160cm,,,Levenslang,,,"1,632","1,387",233cm,,,37cm
BL-EMA-23E,https://www.sofa.com/nl/bedden/emilia-bed/p/BL-EMA-23E,Emilia Bed,beds,King bedden,sofa,170cm,,129cm,,,,,21cm,200cm,160cm,,,Levenslang,,,"1,236","1,051",226cm,,,35cm
BL-CAT-23E,https://www.sofa.com/nl/bedden/carter-bed/p/BL-CAT-23E,Carter Bed,beds,King bedden,sofa,169cm,,150cm,,,,,21cm,200cm,160cm,,,Levenslang,,,"1,380","1,173",212cm,,,41cm
BL-CLE-23E,https://www.sofa.com/nl/bedden/cleo-bed/p/BL-CLE-23E,Cleo Bed,beds,King bedden,sofa,182cm,,130cm,,,,,2cm,200cm,160cm,,,Levenslang,,,"1,320","1,122",213cm,,,35cm
BO-CAT-23E,https://www.sofa.com/nl/bedden/carter-ottoman-bed/p/BO-CAT-23E,Carter Ottoman Bed,beds,King bedden,sofa,168cm,,150cm,,,,,2cm,200cm,160cm,,,Levenslang,,,1.752,1.489,214cm,,,37cm
BO-AVR-24E,https://www.sofa.com/nl/bedden/ottoman-frame/avery-ottoman-bed/p/BO-AVR-24E,Avery Ottoman Bed,beds,Super-king bedden,sofa,187cm,,130cm,,,,,2cm,200cm,180cm,,,Levenslang,,,"1,632","1,387",214cm,,,37cm
BL-HEN-24E,https://www.sofa.com/nl/bedden/hendrik-bed/p/BL-HEN-24E,Hendrik Bed,beds,Super-king bedden,sofa,191cm,,103cm,,235cm,,,26cm,200cm,180cm,,,Levenslang,,,1.344,1.142,,,,
BL-KNN-24E,https://www.sofa.com/nl/bedden/knightsbridge-zonder-voetbord-bed/p/BL-KNN-24E,Knightsbridge Zonder Voetbord Bed,beds,Super-king bedden,sofa,199cm,,128cm,,,,,21cm,200cm,180cm,,,Levenslang,,,1.632,1.387,235cm,,,41cm
BL-ROS-24E,https://www.sofa.com/nl/bedden/rosalie-bed/p/BL-ROS-24E,Rosalie Bed,beds,Super-king bedden,sofa,188cm,,150cm,,,,,21cm,200cm,180cm,,,Levenslang,,,1.500,1.275,213cm,,,41cm
BL-LCY-24E,https://www.sofa.com/nl/bedden/lucy-bed/p/BL-LCY-24E,Lucy Bed,beds,Super-king bedden,sofa,195cm,,94cm,,,,,16cm,200cm,180cm,,,Levenslang,,,"1,128",959,229cm,,,27cm
BL-KNI-24E,https://www.sofa.com/nl/bedden/knightsbridge-met-voetbord-bed/p/BL-KNI-24E,Knightsbridge Met Voetbord Bed,beds,Super-king bedden,sofa,191cm,,128cm,,,,,21cm,200cm,180cm,,,Levenslang,,,2.004,1.703,252cm,,,66cm
BL-THE-24E,https://www.sofa.com/nl/bedden/thea-bed/p/BL-THE-24E,Thea Bed,beds,Super-king bedden,sofa,188cm,,130cm,,,,,21cm,200cm,180cm,,,Levenslang,,,1.380,1.173,231cm,,,41cm
BL-HRL-24E,https://www.sofa.com/nl/bedden/harlow-bed/p/BL-HRL-24E,Harlow Bed,beds,Super-king bedden,sofa,188cm,,130cm,,,,,21cm,200cm,180cm,,,Levenslang,,,1.188,1.010,212cm,,,41cm
BL-AUD-24E,https://www.sofa.com/nl/bedden/audrey-bed/p/BL-AUD-24E,Audrey Bed,beds,Super-king bedden,sofa,214cm,,132cm,,,,,21cm,200cm,180cm,,,Levenslang,,,1.440,1.224,243cm,,,41cm
BL-AVY-24E,https://www.sofa.com/nl/bedden/avery-bed/p/BL-AVY-24E,Avery Bed,beds,Super-king bedden,sofa,188cm,,150cm,,,,,21cm,200cm,180cm,,,Levenslang,,,1.320,1.122,212cm,,,41cm
BO-HAR-24E,https://www.sofa.com/nl/bedden/ottoman-frame/harlow-ottoman-bed/p/BO-HAR-24E,Harlow Ottoman Bed,beds,Super-king bedden,sofa,187cm,,150cm,,,,,2cm,200cm,180cm,,,Levenslang,,,"1,632","1,387",214cm,,,37cm
BO-RSA-24E,https://www.sofa.com/nl/bedden/ottoman-frame/rosalie-ottoman-bed/p/BO-RSA-24E,Rosalie Ottoman Bed,beds,Super-king bedden,sofa,187cm,,130cm,,,,,2cm,200cm,180cm,,,Levenslang,,,1.752,1.489,215cm,,,37cm
BO-THE-24E,https://www.sofa.com/nl/bedden/ottoman-frame/thea-ottoman-bed/p/BO-THE-24E,Thea Ottoman Bed,beds,Super-king bedden,sofa,187cm,,130cm,,,,,2cm,200cm,180cm,,,Levenslang,,,1.752,1.489,233cm,,,37cm
BL-EMA-24E,https://www.sofa.com/nl/bedden/emilia-bed/p/BL-EMA-24E,Emilia Bed,beds,Super-king bedden,sofa,190cm,,129cm,,,,,21cm,200cm,180cm,,,Levenslang,,,"1,344","1,142",226cm,,,35cm
BL-CAT-24E,https://www.sofa.com/nl/bedden/carter-bed/p/BL-CAT-24E,Carter Bed,beds,Super-king bedden,sofa,189cm,,150cm,,,,,21cm,200cm,180cm,,,Levenslang,,,1.500,1.275,212cm,,,41cm
BL-CLE-24E,https://www.sofa.com/nl/bedden/cleo-bed/p/BL-CLE-24E,Cleo Bed,beds,Super-king bedden,sofa,189cm,,130cm,,,,,21cm,200cm,180cm,,,Levenslang,,,"1,440","1,224",212cm,,,41cm
BO-CAT-24E,https://www.sofa.com/nl/bedden/carter-ottoman-bed/p/BO-CAT-24E,Carter Ottoman Bed,beds,Super-king bedden,sofa,188cm,,150cm,,,,,2cm,200cm,180cm,,,Levenslang,,,1.884,1.601,214cm,,,37cm
